"Background variable","Depression","Sex","Age group","Year","Prevalence of depression symptoms"
"Total","Without depression","Men and women","15 and older","2006",91.2
"Total","Without depression","Men and women","15 and older","2014",91.7
"Total","Without depression","Men and women","15 and older","2019",89.1
"Total","Without depression","Men and women","15-24","2006",92.8
"Total","Without depression","Men and women","15-24","2014",93.9
"Total","Without depression","Men and women","15-24","2019",85.9
"Total","Without depression","Men and women","25-34","2006",93.4
"Total","Without depression","Men and women","25-34","2014",90.6
"Total","Without depression","Men and women","25-34","2019",90.3
"Total","Without depression","Men and women","35-44","2006",94.8
"Total","Without depression","Men and women","35-44","2014",93.8
"Total","Without depression","Men and women","35-44","2019",90.2
"Total","Without depression","Men and women","45-54","2006",92.4
"Total","Without depression","Men and women","45-54","2014",91.2
"Total","Without depression","Men and women","45-54","2019",89.8
"Total","Without depression","Men and women","55-64","2006",90.2
"Total","Without depression","Men and women","55-64","2014",90.7
"Total","Without depression","Men and women","55-64","2019",89.1
"Total","Without depression","Men and women","65-74","2006",86.9
"Total","Without depression","Men and women","65-74","2014",91.7
"Total","Without depression","Men and women","65-74","2019",91.7
"Total","Without depression","Men and women","75 and older","2006",80.1
"Total","Without depression","Men and women","75 and older","2014",85.7
"Total","Without depression","Men and women","75 and older","2019",85.0
"Total","Without depression","Men","15 and older","2006",94.0
"Total","Without depression","Men","15 and older","2014",94.2
"Total","Without depression","Men","15 and older","2019",91.6
"Total","Without depression","Men","15-24","2006",94.6
"Total","Without depression","Men","15-24","2014",96.4
"Total","Without depression","Men","15-24","2019",90.7
"Total","Without depression","Men","25-34","2006",94.3
"Total","Without depression","Men","25-34","2014",90.8
"Total","Without depression","Men","25-34","2019",91.5
"Total","Without depression","Men","35-44","2006",95.6
"Total","Without depression","Men","35-44","2014",96.7
"Total","Without depression","Men","35-44","2019",92.8
"Total","Without depression","Men","45-54","2006",94.2
"Total","Without depression","Men","45-54","2014",92.9
"Total","Without depression","Men","45-54","2019",91.3
"Total","Without depression","Men","55-64","2006",93.8
"Total","Without depression","Men","55-64","2014",93.5
"Total","Without depression","Men","55-64","2019",91.5
"Total","Without depression","Men","65-74","2006",91.5
"Total","Without depression","Men","65-74","2014",94.2
"Total","Without depression","Men","65-74","2019",93.4
"Total","Without depression","Men","75 and older","2006",90.1
"Total","Without depression","Men","75 and older","2014",92.3
"Total","Without depression","Men","75 and older","2019",89.1
"Total","Without depression","Women","15 and older","2006",88.9
"Total","Without depression","Women","15 and older","2014",89.5
"Total","Without depression","Women","15 and older","2019",86.9
"Total","Without depression","Women","15-24","2006",91.0
"Total","Without depression","Women","15-24","2014",91.1
"Total","Without depression","Women","15-24","2019",81.0
"Total","Without depression","Women","25-34","2006",92.5
"Total","Without depression","Women","25-34","2014",90.4
"Total","Without depression","Women","25-34","2019",89.0
"Total","Without depression","Women","35-44","2006",94.0
"Total","Without depression","Women","35-44","2014",90.8
"Total","Without depression","Women","35-44","2019",87.5
"Total","Without depression","Women","45-54","2006",90.9
"Total","Without depression","Women","45-54","2014",90.1
"Total","Without depression","Women","45-54","2019",88.3
"Total","Without depression","Women","55-64","2006",87.5
"Total","Without depression","Women","55-64","2014",88.4
"Total","Without depression","Women","55-64","2019",87.0
"Total","Without depression","Women","65-74","2006",84.2
"Total","Without depression","Women","65-74","2014",89.5
"Total","Without depression","Women","65-74","2019",90.6
"Total","Without depression","Women","75 and older","2006",76.1
"Total","Without depression","Women","75 and older","2014",83.2
"Total","Without depression","Women","75 and older","2019",83.3
"Total","With depression","Men and women","15 and older","2006",8.8
"Total","With depression","Men and women","15 and older","2014",8.3
"Total","With depression","Men and women","15 and older","2019",10.9
"Total","With depression","Men and women","15-24","2006",7.2
"Total","With depression","Men and women","15-24","2014",6.1
"Total","With depression","Men and women","15-24","2019",14.1
"Total","With depression","Men and women","25-34","2006",6.6
"Total","With depression","Men and women","25-34","2014",9.4
"Total","With depression","Men and women","25-34","2019",9.7
"Total","With depression","Men and women","35-44","2006",5.2
"Total","With depression","Men and women","35-44","2014",6.2
"Total","With depression","Men and women","35-44","2019",9.8
"Total","With depression","Men and women","45-54","2006",7.6
"Total","With depression","Men and women","45-54","2014",8.8
"Total","With depression","Men and women","45-54","2019",10.2
"Total","With depression","Men and women","55-64","2006",9.8
"Total","With depression","Men and women","55-64","2014",9.3
"Total","With depression","Men and women","55-64","2019",10.9
"Total","With depression","Men and women","65-74","2006",13.1
"Total","With depression","Men and women","65-74","2014",8.3
"Total","With depression","Men and women","65-74","2019",8.3
"Total","With depression","Men and women","75 and older","2006",19.9
"Total","With depression","Men and women","75 and older","2014",14.3
"Total","With depression","Men and women","75 and older","2019",15.0
"Total","With depression","Men","15 and older","2006",6.0
"Total","With depression","Men","15 and older","2014",5.8
"Total","With depression","Men","15 and older","2019",8.4
"Total","With depression","Men","15-24","2006",5.4
"Total","With depression","Men","15-24","2014",3.6
"Total","With depression","Men","15-24","2019",9.3
"Total","With depression","Men","25-34","2006",5.7
"Total","With depression","Men","25-34","2014",9.2
"Total","With depression","Men","25-34","2019",8.5
"Total","With depression","Men","35-44","2006",4.4
"Total","With depression","Men","35-44","2014",3.3
"Total","With depression","Men","35-44","2019",7.2
"Total","With depression","Men","45-54","2006",5.8
"Total","With depression","Men","45-54","2014",7.1
"Total","With depression","Men","45-54","2019",8.7
"Total","With depression","Men","55-64","2006",6.2
"Total","With depression","Men","55-64","2014",6.5
"Total","With depression","Men","55-64","2019",8.5
"Total","With depression","Men","65-74","2006",8.5
"Total","With depression","Men","65-74","2014",5.8
"Total","With depression","Men","65-74","2019",6.6
"Total","With depression","Men","75 and older","2006",9.9
"Total","With depression","Men","75 and older","2014",7.7
"Total","With depression","Men","75 and older","2019",10.9
"Total","With depression","Women","15 and older","2006",11.1
"Total","With depression","Women","15 and older","2014",10.5
"Total","With depression","Women","15 and older","2019",13.1
"Total","With depression","Women","15-24","2006",9.0
"Total","With depression","Women","15-24","2014",8.9
"Total","With depression","Women","15-24","2019",19.0
"Total","With depression","Women","25-34","2006",7.5
"Total","With depression","Women","25-34","2014",9.6
"Total","With depression","Women","25-34","2019",11.0
"Total","With depression","Women","35-44","2006",6.0
"Total","With depression","Women","35-44","2014",9.2
"Total","With depression","Women","35-44","2019",12.5
"Total","With depression","Women","45-54","2006",9.1
"Total","With depression","Women","45-54","2014",9.9
"Total","With depression","Women","45-54","2019",11.7
"Total","With depression","Women","55-64","2006",12.5
"Total","With depression","Women","55-64","2014",11.6
"Total","With depression","Women","55-64","2019",13.0
"Total","With depression","Women","65-74","2006",15.8
"Total","With depression","Women","65-74","2014",10.5
"Total","With depression","Women","65-74","2019",9.4
"Total","With depression","Women","75 and older","2006",23.9
"Total","With depression","Women","75 and older","2014",16.8
"Total","With depression","Women","75 and older","2019",16.7
"Estonian","Without depression","Men and women","15 and older","2006",92.8
"Estonian","Without depression","Men and women","15 and older","2014",92.2
"Estonian","Without depression","Men and women","15 and older","2019",89.4
"Estonian","Without depression","Men and women","15-24","2006",92.6
"Estonian","Without depression","Men and women","15-24","2014",93.6
"Estonian","Without depression","Men and women","15-24","2019",84.6
"Estonian","Without depression","Men and women","25-34","2006",94.1
"Estonian","Without depression","Men and women","25-34","2014",93.1
"Estonian","Without depression","Men and women","25-34","2019",91.0
"Estonian","Without depression","Men and women","35-44","2006",95.1
"Estonian","Without depression","Men and women","35-44","2014",94.2
"Estonian","Without depression","Men and women","35-44","2019",90.9
"Estonian","Without depression","Men and women","45-54","2006",95.1
"Estonian","Without depression","Men and women","45-54","2014",90.3
"Estonian","Without depression","Men and women","45-54","2019",89.7
"Estonian","Without depression","Men and women","55-64","2006",91.1
"Estonian","Without depression","Men and women","55-64","2014",90.7
"Estonian","Without depression","Men and women","55-64","2019",88.2
"Estonian","Without depression","Men and women","65-74","2006",91.4
"Estonian","Without depression","Men and women","65-74","2014",93.6
"Estonian","Without depression","Men and women","65-74","2019",92.4
"Estonian","Without depression","Men and women","75 and older","2006",85.9
"Estonian","Without depression","Men and women","75 and older","2014",88.6
"Estonian","Without depression","Men and women","75 and older","2019",88.0
"Estonian","Without depression","Men","15 and older","2006",94.6
"Estonian","Without depression","Men","15 and older","2014",94.7
"Estonian","Without depression","Men","15 and older","2019",91.4
"Estonian","Without depression","Men","15-24","2006",93.8
"Estonian","Without depression","Men","15-24","2014",96.1
"Estonian","Without depression","Men","15-24","2019",89.7
"Estonian","Without depression","Men","25-34","2006",94.6
"Estonian","Without depression","Men","25-34","2014",95.2
"Estonian","Without depression","Men","25-34","2019",91.5
"Estonian","Without depression","Men","35-44","2006",95.8
"Estonian","Without depression","Men","35-44","2014",97.4
"Estonian","Without depression","Men","35-44","2019",92.7
"Estonian","Without depression","Men","45-54","2006",95.4
"Estonian","Without depression","Men","45-54","2014",90.3
"Estonian","Without depression","Men","45-54","2019",92.0
"Estonian","Without depression","Men","55-64","2006",94.3
"Estonian","Without depression","Men","55-64","2014",93.5
"Estonian","Without depression","Men","55-64","2019",90.6
"Estonian","Without depression","Men","65-74","2006",93.9
"Estonian","Without depression","Men","65-74","2014",96.8
"Estonian","Without depression","Men","65-74","2019",92.7
"Estonian","Without depression","Men","75 and older","2006",93.4
"Estonian","Without depression","Men","75 and older","2014",93.6
"Estonian","Without depression","Men","75 and older","2019",89.9
"Estonian","Without depression","Women","15 and older","2006",91.4
"Estonian","Without depression","Women","15 and older","2014",90.0
"Estonian","Without depression","Women","15 and older","2019",87.6
"Estonian","Without depression","Women","15-24","2006",91.2
"Estonian","Without depression","Women","15-24","2014",90.8
"Estonian","Without depression","Women","15-24","2019",79.1
"Estonian","Without depression","Women","25-34","2006",93.6
"Estonian","Without depression","Women","25-34","2014",90.9
"Estonian","Without depression","Women","25-34","2019",90.5
"Estonian","Without depression","Women","35-44","2006",94.6
"Estonian","Without depression","Women","35-44","2014",90.8
"Estonian","Without depression","Women","35-44","2019",89.0
"Estonian","Without depression","Women","45-54","2006",94.8
"Estonian","Without depression","Women","45-54","2014",90.3
"Estonian","Without depression","Women","45-54","2019",87.4
"Estonian","Without depression","Women","55-64","2006",88.8
"Estonian","Without depression","Women","55-64","2014",88.4
"Estonian","Without depression","Women","55-64","2019",86.1
"Estonian","Without depression","Women","65-74","2006",89.8
"Estonian","Without depression","Women","65-74","2014",91.7
"Estonian","Without depression","Women","65-74","2019",92.2
"Estonian","Without depression","Women","75 and older","2006",82.7
"Estonian","Without depression","Women","75 and older","2014",86.4
"Estonian","Without depression","Women","75 and older","2019",87.2
"Estonian","With depression","Men and women","15 and older","2006",7.2
"Estonian","With depression","Men and women","15 and older","2014",7.8
"Estonian","With depression","Men and women","15 and older","2019",10.6
"Estonian","With depression","Men and women","15-24","2006",7.4
"Estonian","With depression","Men and women","15-24","2014",6.4
"Estonian","With depression","Men and women","15-24","2019",15.4
"Estonian","With depression","Men and women","25-34","2006",5.9
"Estonian","With depression","Men and women","25-34","2014",6.9
"Estonian","With depression","Men and women","25-34","2019",9.0
"Estonian","With depression","Men and women","35-44","2006",4.9
"Estonian","With depression","Men and women","35-44","2014",5.8
"Estonian","With depression","Men and women","35-44","2019",9.1
"Estonian","With depression","Men and women","45-54","2006",4.9
"Estonian","With depression","Men and women","45-54","2014",9.7
"Estonian","With depression","Men and women","45-54","2019",10.3
"Estonian","With depression","Men and women","55-64","2006",8.9
"Estonian","With depression","Men and women","55-64","2014",9.3
"Estonian","With depression","Men and women","55-64","2019",11.8
"Estonian","With depression","Men and women","65-74","2006",8.6
"Estonian","With depression","Men and women","65-74","2014",6.4
"Estonian","With depression","Men and women","65-74","2019",7.6
"Estonian","With depression","Men and women","75 and older","2006",14.1
"Estonian","With depression","Men and women","75 and older","2014",11.4
"Estonian","With depression","Men and women","75 and older","2019",12.0
"Estonian","With depression","Men","15 and older","2006",5.4
"Estonian","With depression","Men","15 and older","2014",5.3
"Estonian","With depression","Men","15 and older","2019",8.6
"Estonian","With depression","Men","15-24","2006",6.2
"Estonian","With depression","Men","15-24","2014",..
"Estonian","With depression","Men","15-24","2019",10.3
"Estonian","With depression","Men","25-34","2006",..
"Estonian","With depression","Men","25-34","2014",..
"Estonian","With depression","Men","25-34","2019",8.5
"Estonian","With depression","Men","35-44","2006",..
"Estonian","With depression","Men","35-44","2014",..
"Estonian","With depression","Men","35-44","2019",7.3
"Estonian","With depression","Men","45-54","2006",..
"Estonian","With depression","Men","45-54","2014",9.7
"Estonian","With depression","Men","45-54","2019",8.0
"Estonian","With depression","Men","55-64","2006",..
"Estonian","With depression","Men","55-64","2014",6.5
"Estonian","With depression","Men","55-64","2019",9.4
"Estonian","With depression","Men","65-74","2006",6.1
"Estonian","With depression","Men","65-74","2014",..
"Estonian","With depression","Men","65-74","2019",..
"Estonian","With depression","Men","75 and older","2006",6.6
"Estonian","With depression","Men","75 and older","2014",..
"Estonian","With depression","Men","75 and older","2019",..
"Estonian","With depression","Women","15 and older","2006",8.6
"Estonian","With depression","Women","15 and older","2014",10.0
"Estonian","With depression","Women","15 and older","2019",12.4
"Estonian","With depression","Women","15-24","2006",8.8
"Estonian","With depression","Women","15-24","2014",9.2
"Estonian","With depression","Women","15-24","2019",20.9
"Estonian","With depression","Women","25-34","2006",6.4
"Estonian","With depression","Women","25-34","2014",9.1
"Estonian","With depression","Women","25-34","2019",9.5
"Estonian","With depression","Women","35-44","2006",5.4
"Estonian","With depression","Women","35-44","2014",9.2
"Estonian","With depression","Women","35-44","2019",11.0
"Estonian","With depression","Women","45-54","2006",5.2
"Estonian","With depression","Women","45-54","2014",9.7
"Estonian","With depression","Women","45-54","2019",12.6
"Estonian","With depression","Women","55-64","2006",11.2
"Estonian","With depression","Women","55-64","2014",11.6
"Estonian","With depression","Women","55-64","2019",13.9
"Estonian","With depression","Women","65-74","2006",10.2
"Estonian","With depression","Women","65-74","2014",8.3
"Estonian","With depression","Women","65-74","2019",7.8
"Estonian","With depression","Women","75 and older","2006",17.3
"Estonian","With depression","Women","75 and older","2014",13.6
"Estonian","With depression","Women","75 and older","2019",12.8
"Non-Estonian","Without depression","Men and women","15 and older","2006",88.3
"Non-Estonian","Without depression","Men and women","15 and older","2014",90.5
"Non-Estonian","Without depression","Men and women","15 and older","2019",88.3
"Non-Estonian","Without depression","Men and women","15-24","2006",93.3
"Non-Estonian","Without depression","Men and women","15-24","2014",94.9
"Non-Estonian","Without depression","Men and women","15-24","2019",90.5
"Non-Estonian","Without depression","Men and women","25-34","2006",92.1
"Non-Estonian","Without depression","Men and women","25-34","2014",95.0
"Non-Estonian","Without depression","Men and women","25-34","2019",88.3
"Non-Estonian","Without depression","Men and women","35-44","2006",94.0
"Non-Estonian","Without depression","Men and women","35-44","2014",93.2
"Non-Estonian","Without depression","Men and women","35-44","2019",88.6
"Non-Estonian","Without depression","Men and women","45-54","2006",88.7
"Non-Estonian","Without depression","Men and women","45-54","2014",91.2
"Non-Estonian","Without depression","Men and women","45-54","2019",90.1
"Non-Estonian","Without depression","Men and women","55-64","2006",88.7
"Non-Estonian","Without depression","Men and women","55-64","2014",90.7
"Non-Estonian","Without depression","Men and women","55-64","2019",90.3
"Non-Estonian","Without depression","Men and women","65-74","2006",78.6
"Non-Estonian","Without depression","Men and women","65-74","2014",85.2
"Non-Estonian","Without depression","Men and women","65-74","2019",90.4
"Non-Estonian","Without depression","Men and women","75 and older","2006",68.1
"Non-Estonian","Without depression","Men and women","75 and older","2014",79.7
"Non-Estonian","Without depression","Men and women","75 and older","2019",77.6
"Non-Estonian","Without depression","Men","15 and older","2006",93.0
"Non-Estonian","Without depression","Men","15 and older","2014",92.8
"Non-Estonian","Without depression","Men","15 and older","2019",92.0
"Non-Estonian","Without depression","Men","15-24","2006",96.2
"Non-Estonian","Without depression","Men","15-24","2014",97.6
"Non-Estonian","Without depression","Men","15-24","2019",94.8
"Non-Estonian","Without depression","Men","25-34","2006",93.7
"Non-Estonian","Without depression","Men","25-34","2014",94.0
"Non-Estonian","Without depression","Men","25-34","2019",91.0
"Non-Estonian","Without depression","Men","35-44","2006",95.4
"Non-Estonian","Without depression","Men","35-44","2014",94.7
"Non-Estonian","Without depression","Men","35-44","2019",93.1
"Non-Estonian","Without depression","Men","45-54","2006",92.4
"Non-Estonian","Without depression","Men","45-54","2014",92.1
"Non-Estonian","Without depression","Men","45-54","2019",88.9
"Non-Estonian","Without depression","Men","55-64","2006",93.0
"Non-Estonian","Without depression","Men","55-64","2014",93.6
"Non-Estonian","Without depression","Men","55-64","2019",92.9
"Non-Estonian","Without depression","Men","65-74","2006",86.3
"Non-Estonian","Without depression","Men","65-74","2014",84.1
"Non-Estonian","Without depression","Men","65-74","2019",94.7
"Non-Estonian","Without depression","Men","75 and older","2006",82.3
"Non-Estonian","Without depression","Men","75 and older","2014",89.0
"Non-Estonian","Without depression","Men","75 and older","2019",86.9
"Non-Estonian","Without depression","Women","15 and older","2006",84.4
"Non-Estonian","Without depression","Women","15 and older","2014",88.7
"Non-Estonian","Without depression","Women","15 and older","2019",85.4
"Non-Estonian","Without depression","Women","15-24","2006",90.5
"Non-Estonian","Without depression","Women","15-24","2014",92.1
"Non-Estonian","Without depression","Women","15-24","2019",86.9
"Non-Estonian","Without depression","Women","25-34","2006",90.4
"Non-Estonian","Without depression","Women","25-34","2014",95.9
"Non-Estonian","Without depression","Women","25-34","2019",85.2
"Non-Estonian","Without depression","Women","35-44","2006",92.6
"Non-Estonian","Without depression","Women","35-44","2014",91.6
"Non-Estonian","Without depression","Women","35-44","2019",83.9
"Non-Estonian","Without depression","Women","45-54","2006",85.6
"Non-Estonian","Without depression","Women","45-54","2014",90.5
"Non-Estonian","Without depression","Women","45-54","2019",91.2
"Non-Estonian","Without depression","Women","55-64","2006",84.7
"Non-Estonian","Without depression","Women","55-64","2014",88.4
"Non-Estonian","Without depression","Women","55-64","2019",88.2
"Non-Estonian","Without depression","Women","65-74","2006",74.5
"Non-Estonian","Without depression","Women","65-74","2014",86.0
"Non-Estonian","Without depression","Women","65-74","2019",88.0
"Non-Estonian","Without depression","Women","75 and older","2006",62.9
"Non-Estonian","Without depression","Women","75 and older","2014",76.8
"Non-Estonian","Without depression","Women","75 and older","2019",74.4
"Non-Estonian","With depression","Men and women","15 and older","2006",11.7
"Non-Estonian","With depression","Men and women","15 and older","2014",9.5
"Non-Estonian","With depression","Men and women","15 and older","2019",11.7
"Non-Estonian","With depression","Men and women","15-24","2006",6.7
"Non-Estonian","With depression","Men and women","15-24","2014",..
"Non-Estonian","With depression","Men and women","15-24","2019",..
"Non-Estonian","With depression","Men and women","25-34","2006",7.9
"Non-Estonian","With depression","Men and women","25-34","2014",..
"Non-Estonian","With depression","Men and women","25-34","2019",11.7
"Non-Estonian","With depression","Men and women","35-44","2006",6.0
"Non-Estonian","With depression","Men and women","35-44","2014",..
"Non-Estonian","With depression","Men and women","35-44","2019",11.4
"Non-Estonian","With depression","Men and women","45-54","2006",11.3
"Non-Estonian","With depression","Men and women","45-54","2014",8.8
"Non-Estonian","With depression","Men and women","45-54","2019",9.9
"Non-Estonian","With depression","Men and women","55-64","2006",11.3
"Non-Estonian","With depression","Men and women","55-64","2014",9.3
"Non-Estonian","With depression","Men and women","55-64","2019",9.7
"Non-Estonian","With depression","Men and women","65-74","2006",21.4
"Non-Estonian","With depression","Men and women","65-74","2014",14.8
"Non-Estonian","With depression","Men and women","65-74","2019",9.6
"Non-Estonian","With depression","Men and women","75 and older","2006",31.9
"Non-Estonian","With depression","Men and women","75 and older","2014",20.3
"Non-Estonian","With depression","Men and women","75 and older","2019",22.4
"Non-Estonian","With depression","Men","15 and older","2006",7.0
"Non-Estonian","With depression","Men","15 and older","2014",7.2
"Non-Estonian","With depression","Men","15 and older","2019",8.0
"Non-Estonian","With depression","Men","15-24","2006",..
"Non-Estonian","With depression","Men","15-24","2014",..
"Non-Estonian","With depression","Men","15-24","2019",..
"Non-Estonian","With depression","Men","25-34","2006",..
"Non-Estonian","With depression","Men","25-34","2014",..
"Non-Estonian","With depression","Men","25-34","2019",..
"Non-Estonian","With depression","Men","35-44","2006",..
"Non-Estonian","With depression","Men","35-44","2014",..
"Non-Estonian","With depression","Men","35-44","2019",..
"Non-Estonian","With depression","Men","45-54","2006",..
"Non-Estonian","With depression","Men","45-54","2014",..
"Non-Estonian","With depression","Men","45-54","2019",..
"Non-Estonian","With depression","Men","55-64","2006",..
"Non-Estonian","With depression","Men","55-64","2014",..
"Non-Estonian","With depression","Men","55-64","2019",..
"Non-Estonian","With depression","Men","65-74","2006",13.7
"Non-Estonian","With depression","Men","65-74","2014",..
"Non-Estonian","With depression","Men","65-74","2019",..
"Non-Estonian","With depression","Men","75 and older","2006",17.7
"Non-Estonian","With depression","Men","75 and older","2014",..
"Non-Estonian","With depression","Men","75 and older","2019",..
"Non-Estonian","With depression","Women","15 and older","2006",15.6
"Non-Estonian","With depression","Women","15 and older","2014",11.3
"Non-Estonian","With depression","Women","15 and older","2019",14.6
"Non-Estonian","With depression","Women","15-24","2006",9.5
"Non-Estonian","With depression","Women","15-24","2014",..
"Non-Estonian","With depression","Women","15-24","2019",..
"Non-Estonian","With depression","Women","25-34","2006",..
"Non-Estonian","With depression","Women","25-34","2014",..
"Non-Estonian","With depression","Women","25-34","2019",..
"Non-Estonian","With depression","Women","35-44","2006",..
"Non-Estonian","With depression","Women","35-44","2014",..
"Non-Estonian","With depression","Women","35-44","2019",16.1
"Non-Estonian","With depression","Women","45-54","2006",14.4
"Non-Estonian","With depression","Women","45-54","2014",..
"Non-Estonian","With depression","Women","45-54","2019",..
"Non-Estonian","With depression","Women","55-64","2006",15.3
"Non-Estonian","With depression","Women","55-64","2014",11.6
"Non-Estonian","With depression","Women","55-64","2019",11.8
"Non-Estonian","With depression","Women","65-74","2006",25.5
"Non-Estonian","With depression","Women","65-74","2014",14.0
"Non-Estonian","With depression","Women","65-74","2019",12.0
"Non-Estonian","With depression","Women","75 and older","2006",37.1
"Non-Estonian","With depression","Women","75 and older","2014",23.2
"Non-Estonian","With depression","Women","75 and older","2019",25.6
"University education","Without depression","Men and women","15 and older","2006",94.0
"University education","Without depression","Men and women","15 and older","2014",94.1
"University education","Without depression","Men and women","15 and older","2019",91.1
"University education","Without depression","Men and women","15-24","2006",97.1
"University education","Without depression","Men and women","15-24","2014",100.0
"University education","Without depression","Men and women","15-24","2019",96.1
"University education","Without depression","Men and women","25-34","2006",96.1
"University education","Without depression","Men and women","25-34","2014",96.6
"University education","Without depression","Men and women","25-34","2019",88.6
"University education","Without depression","Men and women","35-44","2006",95.0
"University education","Without depression","Men and women","35-44","2014",94.4
"University education","Without depression","Men and women","35-44","2019",92.0
"University education","Without depression","Men and women","45-54","2006",93.5
"University education","Without depression","Men and women","45-54","2014",93.9
"University education","Without depression","Men and women","45-54","2019",91.8
"University education","Without depression","Men and women","55-64","2006",94.5
"University education","Without depression","Men and women","55-64","2014",92.5
"University education","Without depression","Men and women","55-64","2019",90.2
"University education","Without depression","Men and women","65-74","2006",87.9
"University education","Without depression","Men and women","65-74","2014",91.1
"University education","Without depression","Men and women","65-74","2019",92.0
"University education","Without depression","Men and women","75 and older","2006",86.9
"University education","Without depression","Men and women","75 and older","2014",92.1
"University education","Without depression","Men and women","75 and older","2019",92.1
"University education","Without depression","Men","15 and older","2006",95.6
"University education","Without depression","Men","15 and older","2014",96.9
"University education","Without depression","Men","15 and older","2019",93.8
"University education","Without depression","Men","15-24","2006",98.7
"University education","Without depression","Men","15-24","2014",100.0
"University education","Without depression","Men","15-24","2019",..
"University education","Without depression","Men","25-34","2006",96.7
"University education","Without depression","Men","25-34","2014",98.2
"University education","Without depression","Men","25-34","2019",90.7
"University education","Without depression","Men","35-44","2006",96.5
"University education","Without depression","Men","35-44","2014",99.0
"University education","Without depression","Men","35-44","2019",97.1
"University education","Without depression","Men","45-54","2006",95.2
"University education","Without depression","Men","45-54","2014",95.1
"University education","Without depression","Men","45-54","2019",92.9
"University education","Without depression","Men","55-64","2006",94.5
"University education","Without depression","Men","55-64","2014",96.7
"University education","Without depression","Men","55-64","2019",92.0
"University education","Without depression","Men","65-74","2006",91.5
"University education","Without depression","Men","65-74","2014",91.9
"University education","Without depression","Men","65-74","2019",96.1
"University education","Without depression","Men","75 and older","2006",95.5
"University education","Without depression","Men","75 and older","2014",95.8
"University education","Without depression","Men","75 and older","2019",92.7
"University education","Without depression","Women","15 and older","2006",92.9
"University education","Without depression","Women","15 and older","2014",92.5
"University education","Without depression","Women","15 and older","2019",89.4
"University education","Without depression","Women","15-24","2006",96.1
"University education","Without depression","Women","15-24","2014",100.0
"University education","Without depression","Women","15-24","2019",94.7
"University education","Without depression","Women","25-34","2006",95.8
"University education","Without depression","Women","25-34","2014",95.6
"University education","Without depression","Women","25-34","2019",87.0
"University education","Without depression","Women","35-44","2006",94.2
"University education","Without depression","Women","35-44","2014",91.3
"University education","Without depression","Women","35-44","2019",87.9
"University education","Without depression","Women","45-54","2006",92.3
"University education","Without depression","Women","45-54","2014",93.3
"University education","Without depression","Women","45-54","2019",91.2
"University education","Without depression","Women","55-64","2006",94.4
"University education","Without depression","Women","55-64","2014",90.1
"University education","Without depression","Women","55-64","2019",88.9
"University education","Without depression","Women","65-74","2006",85.1
"University education","Without depression","Women","65-74","2014",90.6
"University education","Without depression","Women","65-74","2019",89.7
"University education","Without depression","Women","75 and older","2006",81.6
"University education","Without depression","Women","75 and older","2014",90.6
"University education","Without depression","Women","75 and older","2019",91.8
"University education","With depression","Men and women","15 and older","2006",6.0
"University education","With depression","Men and women","15 and older","2014",5.9
"University education","With depression","Men and women","15 and older","2019",8.9
"University education","With depression","Men and women","15-24","2006",..
"University education","With depression","Men and women","15-24","2014",0.0
"University education","With depression","Men and women","15-24","2019",..
"University education","With depression","Men and women","25-34","2006",..
"University education","With depression","Men and women","25-34","2014",..
"University education","With depression","Men and women","25-34","2019",11.4
"University education","With depression","Men and women","35-44","2006",5.0
"University education","With depression","Men and women","35-44","2014",5.6
"University education","With depression","Men and women","35-44","2019",8.0
"University education","With depression","Men and women","45-54","2006",6.5
"University education","With depression","Men and women","45-54","2014",6.1
"University education","With depression","Men and women","45-54","2019",8.2
"University education","With depression","Men and women","55-64","2006",..
"University education","With depression","Men and women","55-64","2014",7.5
"University education","With depression","Men and women","55-64","2019",9.8
"University education","With depression","Men and women","65-74","2006",12.1
"University education","With depression","Men and women","65-74","2014",8.9
"University education","With depression","Men and women","65-74","2019",8.0
"University education","With depression","Men and women","75 and older","2006",13.1
"University education","With depression","Men and women","75 and older","2014",..
"University education","With depression","Men and women","75 and older","2019",7.9
"University education","With depression","Men","15 and older","2006",4.4
"University education","With depression","Men","15 and older","2014",3.1
"University education","With depression","Men","15 and older","2019",6.2
"University education","With depression","Men","15-24","2006",..
"University education","With depression","Men","15-24","2014",0.0
"University education","With depression","Men","15-24","2019",..
"University education","With depression","Men","25-34","2006",..
"University education","With depression","Men","25-34","2014",..
"University education","With depression","Men","25-34","2019",..
"University education","With depression","Men","35-44","2006",..
"University education","With depression","Men","35-44","2014",..
"University education","With depression","Men","35-44","2019",..
"University education","With depression","Men","45-54","2006",..
"University education","With depression","Men","45-54","2014",..
"University education","With depression","Men","45-54","2019",..
"University education","With depression","Men","55-64","2006",..
"University education","With depression","Men","55-64","2014",..
"University education","With depression","Men","55-64","2019",..
"University education","With depression","Men","65-74","2006",8.5
"University education","With depression","Men","65-74","2014",..
"University education","With depression","Men","65-74","2019",..
"University education","With depression","Men","75 and older","2006",..
"University education","With depression","Men","75 and older","2014",..
"University education","With depression","Men","75 and older","2019",..
"University education","With depression","Women","15 and older","2006",7.1
"University education","With depression","Women","15 and older","2014",7.5
"University education","With depression","Women","15 and older","2019",10.6
"University education","With depression","Women","15-24","2006",..
"University education","With depression","Women","15-24","2014",0.0
"University education","With depression","Women","15-24","2019",..
"University education","With depression","Women","25-34","2006",..
"University education","With depression","Women","25-34","2014",..
"University education","With depression","Women","25-34","2019",13.0
"University education","With depression","Women","35-44","2006",..
"University education","With depression","Women","35-44","2014",8.7
"University education","With depression","Women","35-44","2019",12.1
"University education","With depression","Women","45-54","2006",7.7
"University education","With depression","Women","45-54","2014",6.7
"University education","With depression","Women","45-54","2019",8.8
"University education","With depression","Women","55-64","2006",..
"University education","With depression","Women","55-64","2014",9.9
"University education","With depression","Women","55-64","2019",11.1
"University education","With depression","Women","65-74","2006",14.9
"University education","With depression","Women","65-74","2014",..
"University education","With depression","Women","65-74","2019",10.3
"University education","With depression","Women","75 and older","2006",18.4
"University education","With depression","Women","75 and older","2014",..
"University education","With depression","Women","75 and older","2019",..
"Upper secondary education","Without depression","Men and women","15 and older","2006",91.8
"Upper secondary education","Without depression","Men and women","15 and older","2014",91.6
"Upper secondary education","Without depression","Men and women","15 and older","2019",89.3
"Upper secondary education","Without depression","Men and women","15-24","2006",93.5
"Upper secondary education","Without depression","Men and women","15-24","2014",93.2
"Upper secondary education","Without depression","Men and women","15-24","2019",85.3
"Upper secondary education","Without depression","Men and women","25-34","2006",92.5
"Upper secondary education","Without depression","Men and women","25-34","2014",93.6
"Upper secondary education","Without depression","Men and women","25-34","2019",91.8
"Upper secondary education","Without depression","Men and women","35-44","2006",94.9
"Upper secondary education","Without depression","Men and women","35-44","2014",94.8
"Upper secondary education","Without depression","Men and women","35-44","2019",89.2
"Upper secondary education","Without depression","Men and women","45-54","2006",92.6
"Upper secondary education","Without depression","Men and women","45-54","2014",88.9
"Upper secondary education","Without depression","Men and women","45-54","2019",89.2
"Upper secondary education","Without depression","Men and women","55-64","2006",88.4
"Upper secondary education","Without depression","Men and women","55-64","2014",90.3
"Upper secondary education","Without depression","Men and women","55-64","2019",88.3
"Upper secondary education","Without depression","Men and women","65-74","2006",88.7
"Upper secondary education","Without depression","Men and women","65-74","2014",89.5
"Upper secondary education","Without depression","Men and women","65-74","2019",92.7
"Upper secondary education","Without depression","Men and women","75 and older","2006",83.0
"Upper secondary education","Without depression","Men and women","75 and older","2014",89.5
"Upper secondary education","Without depression","Men and women","75 and older","2019",86.6
"Upper secondary education","Without depression","Men","15 and older","2006",94.5
"Upper secondary education","Without depression","Men","15 and older","2014",94.5
"Upper secondary education","Without depression","Men","15 and older","2019",91.0
"Upper secondary education","Without depression","Men","15-24","2006",94.2
"Upper secondary education","Without depression","Men","15-24","2014",97.0
"Upper secondary education","Without depression","Men","15-24","2019",88.5
"Upper secondary education","Without depression","Men","25-34","2006",93.7
"Upper secondary education","Without depression","Men","25-34","2014",96.1
"Upper secondary education","Without depression","Men","25-34","2019",91.1
"Upper secondary education","Without depression","Men","35-44","2006",95.7
"Upper secondary education","Without depression","Men","35-44","2014",97.7
"Upper secondary education","Without depression","Men","35-44","2019",90.3
"Upper secondary education","Without depression","Men","45-54","2006",95.3
"Upper secondary education","Without depression","Men","45-54","2014",90.0
"Upper secondary education","Without depression","Men","45-54","2019",92.4
"Upper secondary education","Without depression","Men","55-64","2006",94.1
"Upper secondary education","Without depression","Men","55-64","2014",93.4
"Upper secondary education","Without depression","Men","55-64","2019",90.8
"Upper secondary education","Without depression","Men","65-74","2006",93.9
"Upper secondary education","Without depression","Men","65-74","2014",92.3
"Upper secondary education","Without depression","Men","65-74","2019",92.9
"Upper secondary education","Without depression","Men","75 and older","2006",89.7
"Upper secondary education","Without depression","Men","75 and older","2014",92.5
"Upper secondary education","Without depression","Men","75 and older","2019",89.2
"Upper secondary education","Without depression","Women","15 and older","2006",89.0
"Upper secondary education","Without depression","Women","15 and older","2014",88.8
"Upper secondary education","Without depression","Women","15 and older","2019",87.5
"Upper secondary education","Without depression","Women","15-24","2006",92.6
"Upper secondary education","Without depression","Women","15-24","2014",88.8
"Upper secondary education","Without depression","Women","15-24","2019",82.0
"Upper secondary education","Without depression","Women","25-34","2006",90.8
"Upper secondary education","Without depression","Women","25-34","2014",90.4
"Upper secondary education","Without depression","Women","25-34","2019",92.8
"Upper secondary education","Without depression","Women","35-44","2006",93.7
"Upper secondary education","Without depression","Women","35-44","2014",91.2
"Upper secondary education","Without depression","Women","35-44","2019",87.7
"Upper secondary education","Without depression","Women","45-54","2006",89.9
"Upper secondary education","Without depression","Women","45-54","2014",87.4
"Upper secondary education","Without depression","Women","45-54","2019",84.7
"Upper secondary education","Without depression","Women","55-64","2006",83.9
"Upper secondary education","Without depression","Women","55-64","2014",87.7
"Upper secondary education","Without depression","Women","55-64","2019",85.6
"Upper secondary education","Without depression","Women","65-74","2006",85.6
"Upper secondary education","Without depression","Women","65-74","2014",88.0
"Upper secondary education","Without depression","Women","65-74","2019",92.6
"Upper secondary education","Without depression","Women","75 and older","2006",80.4
"Upper secondary education","Without depression","Women","75 and older","2014",88.5
"Upper secondary education","Without depression","Women","75 and older","2019",85.3
"Upper secondary education","With depression","Men and women","15 and older","2006",8.2
"Upper secondary education","With depression","Men and women","15 and older","2014",8.4
"Upper secondary education","With depression","Men and women","15 and older","2019",10.7
"Upper secondary education","With depression","Men and women","15-24","2006",6.5
"Upper secondary education","With depression","Men and women","15-24","2014",6.8
"Upper secondary education","With depression","Men and women","15-24","2019",14.7
"Upper secondary education","With depression","Men and women","25-34","2006",7.5
"Upper secondary education","With depression","Men and women","25-34","2014",6.4
"Upper secondary education","With depression","Men and women","25-34","2019",8.2
"Upper secondary education","With depression","Men and women","35-44","2006",5.1
"Upper secondary education","With depression","Men and women","35-44","2014",5.2
"Upper secondary education","With depression","Men and women","35-44","2019",10.8
"Upper secondary education","With depression","Men and women","45-54","2006",7.4
"Upper secondary education","With depression","Men and women","45-54","2014",11.1
"Upper secondary education","With depression","Men and women","45-54","2019",10.8
"Upper secondary education","With depression","Men and women","55-64","2006",11.6
"Upper secondary education","With depression","Men and women","55-64","2014",9.7
"Upper secondary education","With depression","Men and women","55-64","2019",11.7
"Upper secondary education","With depression","Men and women","65-74","2006",11.3
"Upper secondary education","With depression","Men and women","65-74","2014",10.5
"Upper secondary education","With depression","Men and women","65-74","2019",7.3
"Upper secondary education","With depression","Men and women","75 and older","2006",17.0
"Upper secondary education","With depression","Men and women","75 and older","2014",10.5
"Upper secondary education","With depression","Men and women","75 and older","2019",13.4
"Upper secondary education","With depression","Men","15 and older","2006",5.5
"Upper secondary education","With depression","Men","15 and older","2014",5.5
"Upper secondary education","With depression","Men","15 and older","2019",9.0
"Upper secondary education","With depression","Men","15-24","2006",..
"Upper secondary education","With depression","Men","15-24","2014",..
"Upper secondary education","With depression","Men","15-24","2019",..
"Upper secondary education","With depression","Men","25-34","2006",..
"Upper secondary education","With depression","Men","25-34","2014",..
"Upper secondary education","With depression","Men","25-34","2019",..
"Upper secondary education","With depression","Men","35-44","2006",..
"Upper secondary education","With depression","Men","35-44","2014",..
"Upper secondary education","With depression","Men","35-44","2019",..
"Upper secondary education","With depression","Men","45-54","2006",..
"Upper secondary education","With depression","Men","45-54","2014",10.0
"Upper secondary education","With depression","Men","45-54","2019",..
"Upper secondary education","With depression","Men","55-64","2006",..
"Upper secondary education","With depression","Men","55-64","2014",..
"Upper secondary education","With depression","Men","55-64","2019",9.2
"Upper secondary education","With depression","Men","65-74","2006",..
"Upper secondary education","With depression","Men","65-74","2014",..
"Upper secondary education","With depression","Men","65-74","2019",..
"Upper secondary education","With depression","Men","75 and older","2006",..
"Upper secondary education","With depression","Men","75 and older","2014",..
"Upper secondary education","With depression","Men","75 and older","2019",..
"Upper secondary education","With depression","Women","15 and older","2006",11.0
"Upper secondary education","With depression","Women","15 and older","2014",11.2
"Upper secondary education","With depression","Women","15 and older","2019",12.5
"Upper secondary education","With depression","Women","15-24","2006",7.4
"Upper secondary education","With depression","Women","15-24","2014",11.2
"Upper secondary education","With depression","Women","15-24","2019",18.0
"Upper secondary education","With depression","Women","25-34","2006",9.2
"Upper secondary education","With depression","Women","25-34","2014",9.6
"Upper secondary education","With depression","Women","25-34","2019",..
"Upper secondary education","With depression","Women","35-44","2006",..
"Upper secondary education","With depression","Women","35-44","2014",8.8
"Upper secondary education","With depression","Women","35-44","2019",12.3
"Upper secondary education","With depression","Women","45-54","2006",10.1
"Upper secondary education","With depression","Women","45-54","2014",12.6
"Upper secondary education","With depression","Women","45-54","2019",15.3
"Upper secondary education","With depression","Women","55-64","2006",16.1
"Upper secondary education","With depression","Women","55-64","2014",12.3
"Upper secondary education","With depression","Women","55-64","2019",14.4
"Upper secondary education","With depression","Women","65-74","2006",14.4
"Upper secondary education","With depression","Women","65-74","2014",12.0
"Upper secondary education","With depression","Women","65-74","2019",..
"Upper secondary education","With depression","Women","75 and older","2006",19.6
"Upper secondary education","With depression","Women","75 and older","2014",11.5
"Upper secondary education","With depression","Women","75 and older","2019",14.7
"Lower secondary education or less","Without depression","Men and women","15 and older","2006",84.9
"Lower secondary education or less","Without depression","Men and women","15 and older","2014",88.3
"Lower secondary education or less","Without depression","Men and women","15 and older","2019",84.7
"Lower secondary education or less","Without depression","Men and women","15-24","2006",89.5
"Lower secondary education or less","Without depression","Men and women","15-24","2014",93.7
"Lower secondary education or less","Without depression","Men and women","15-24","2019",85.0
"Lower secondary education or less","Without depression","Men and women","25-34","2006",85.8
"Lower secondary education or less","Without depression","Men and women","25-34","2014",88.1
"Lower secondary education or less","Without depression","Men and women","25-34","2019",90.2
"Lower secondary education or less","Without depression","Men and women","35-44","2006",92.2
"Lower secondary education or less","Without depression","Men and women","35-44","2014",88.7
"Lower secondary education or less","Without depression","Men and women","35-44","2019",87.3
"Lower secondary education or less","Without depression","Men and women","45-54","2006",85.7
"Lower secondary education or less","Without depression","Men and women","45-54","2014",84.7
"Lower secondary education or less","Without depression","Men and women","45-54","2019",85.5
"Lower secondary education or less","Without depression","Men and women","55-64","2006",86.6
"Lower secondary education or less","Without depression","Men and women","55-64","2014",87.8
"Lower secondary education or less","Without depression","Men and women","55-64","2019",86.1
"Lower secondary education or less","Without depression","Men and women","65-74","2006",83.6
"Lower secondary education or less","Without depression","Men and women","65-74","2014",93.3
"Lower secondary education or less","Without depression","Men and women","65-74","2019",87.5
"Lower secondary education or less","Without depression","Men and women","75 and older","2006",75.6
"Lower secondary education or less","Without depression","Men and women","75 and older","2014",80.1
"Lower secondary education or less","Without depression","Men and women","75 and older","2019",76.8
"Lower secondary education or less","Without depression","Men","15 and older","2006",90.2
"Lower secondary education or less","Without depression","Men","15 and older","2014",90.9
"Lower secondary education or less","Without depression","Men","15 and older","2019",90.0
"Lower secondary education or less","Without depression","Men","15-24","2006",93.5
"Lower secondary education or less","Without depression","Men","15-24","2014",95.1
"Lower secondary education or less","Without depression","Men","15-24","2019",91.6
"Lower secondary education or less","Without depression","Men","25-34","2006",89.3
"Lower secondary education or less","Without depression","Men","25-34","2014",88.9
"Lower secondary education or less","Without depression","Men","25-34","2019",93.5
"Lower secondary education or less","Without depression","Men","35-44","2006",89.8
"Lower secondary education or less","Without depression","Men","35-44","2014",89.9
"Lower secondary education or less","Without depression","Men","35-44","2019",88.9
"Lower secondary education or less","Without depression","Men","45-54","2006",83.6
"Lower secondary education or less","Without depression","Men","45-54","2014",84.9
"Lower secondary education or less","Without depression","Men","45-54","2019",83.8
"Lower secondary education or less","Without depression","Men","55-64","2006",91.2
"Lower secondary education or less","Without depression","Men","55-64","2014",89.5
"Lower secondary education or less","Without depression","Men","55-64","2019",94.1
"Lower secondary education or less","Without depression","Men","65-74","2006",87.7
"Lower secondary education or less","Without depression","Men","65-74","2014",94.3
"Lower secondary education or less","Without depression","Men","65-74","2019",87.7
"Lower secondary education or less","Without depression","Men","75 and older","2006",87.0
"Lower secondary education or less","Without depression","Men","75 and older","2014",90.3
"Lower secondary education or less","Without depression","Men","75 and older","2019",83.2
"Lower secondary education or less","Without depression","Women","15 and older","2006",80.8
"Lower secondary education or less","Without depression","Women","15 and older","2014",85.5
"Lower secondary education or less","Without depression","Women","15 and older","2019",80.4
"Lower secondary education or less","Without depression","Women","15-24","2006",84.4
"Lower secondary education or less","Without depression","Women","15-24","2014",92.1
"Lower secondary education or less","Without depression","Women","15-24","2019",77.6
"Lower secondary education or less","Without depression","Women","25-34","2006",82.0
"Lower secondary education or less","Without depression","Women","25-34","2014",86.7
"Lower secondary education or less","Without depression","Women","25-34","2019",85.0
"Lower secondary education or less","Without depression","Women","35-44","2006",95.3
"Lower secondary education or less","Without depression","Women","35-44","2014",86.7
"Lower secondary education or less","Without depression","Women","35-44","2019",85.2
"Lower secondary education or less","Without depression","Women","45-54","2006",88.2
"Lower secondary education or less","Without depression","Women","45-54","2014",84.3
"Lower secondary education or less","Without depression","Women","45-54","2019",88.0
"Lower secondary education or less","Without depression","Women","55-64","2006",83.1
"Lower secondary education or less","Without depression","Women","55-64","2014",85.3
"Lower secondary education or less","Without depression","Women","55-64","2019",81.7
"Lower secondary education or less","Without depression","Women","65-74","2006",81.6
"Lower secondary education or less","Without depression","Women","65-74","2014",92.5
"Lower secondary education or less","Without depression","Women","65-74","2019",87.5
"Lower secondary education or less","Without depression","Women","75 and older","2006",71.8
"Lower secondary education or less","Without depression","Women","75 and older","2014",76.2
"Lower secondary education or less","Without depression","Women","75 and older","2019",75.4
"Lower secondary education or less","With depression","Men and women","15 and older","2006",15.1
"Lower secondary education or less","With depression","Men and women","15 and older","2014",11.7
"Lower secondary education or less","With depression","Men and women","15 and older","2019",15.3
"Lower secondary education or less","With depression","Men and women","15-24","2006",10.5
"Lower secondary education or less","With depression","Men and women","15-24","2014",..
"Lower secondary education or less","With depression","Men and women","15-24","2019",15.0
"Lower secondary education or less","With depression","Men and women","25-34","2006",..
"Lower secondary education or less","With depression","Men and women","25-34","2014",11.9
"Lower secondary education or less","With depression","Men and women","25-34","2019",..
"Lower secondary education or less","With depression","Men and women","35-44","2006",..
"Lower secondary education or less","With depression","Men and women","35-44","2014",..
"Lower secondary education or less","With depression","Men and women","35-44","2019",..
"Lower secondary education or less","With depression","Men and women","45-54","2006",..
"Lower secondary education or less","With depression","Men and women","45-54","2014",..
"Lower secondary education or less","With depression","Men and women","45-54","2019",..
"Lower secondary education or less","With depression","Men and women","55-64","2006",..
"Lower secondary education or less","With depression","Men and women","55-64","2014",12.2
"Lower secondary education or less","With depression","Men and women","55-64","2019",..
"Lower secondary education or less","With depression","Men and women","65-74","2006",16.4
"Lower secondary education or less","With depression","Men and women","65-74","2014",..
"Lower secondary education or less","With depression","Men and women","65-74","2019",..
"Lower secondary education or less","With depression","Men and women","75 and older","2006",24.4
"Lower secondary education or less","With depression","Men and women","75 and older","2014",19.9
"Lower secondary education or less","With depression","Men and women","75 and older","2019",23.2
"Lower secondary education or less","With depression","Men","15 and older","2006",9.8
"Lower secondary education or less","With depression","Men","15 and older","2014",9.1
"Lower secondary education or less","With depression","Men","15 and older","2019",10.0
"Lower secondary education or less","With depression","Men","15-24","2006",..
"Lower secondary education or less","With depression","Men","15-24","2014",..
"Lower secondary education or less","With depression","Men","15-24","2019",..
"Lower secondary education or less","With depression","Men","25-34","2006",..
"Lower secondary education or less","With depression","Men","25-34","2014",..
"Lower secondary education or less","With depression","Men","25-34","2019",..
"Lower secondary education or less","With depression","Men","35-44","2006",..
"Lower secondary education or less","With depression","Men","35-44","2014",..
"Lower secondary education or less","With depression","Men","35-44","2019",..
"Lower secondary education or less","With depression","Men","45-54","2006",..
"Lower secondary education or less","With depression","Men","45-54","2014",..
"Lower secondary education or less","With depression","Men","45-54","2019",..
"Lower secondary education or less","With depression","Men","55-64","2006",..
"Lower secondary education or less","With depression","Men","55-64","2014",..
"Lower secondary education or less","With depression","Men","55-64","2019",..
"Lower secondary education or less","With depression","Men","65-74","2006",12.3
"Lower secondary education or less","With depression","Men","65-74","2014",..
"Lower secondary education or less","With depression","Men","65-74","2019",..
"Lower secondary education or less","With depression","Men","75 and older","2006",13.0
"Lower secondary education or less","With depression","Men","75 and older","2014",..
"Lower secondary education or less","With depression","Men","75 and older","2019",..
"Lower secondary education or less","With depression","Women","15 and older","2006",19.2
"Lower secondary education or less","With depression","Women","15 and older","2014",14.5
"Lower secondary education or less","With depression","Women","15 and older","2019",19.6
"Lower secondary education or less","With depression","Women","15-24","2006",15.6
"Lower secondary education or less","With depression","Women","15-24","2014",..
"Lower secondary education or less","With depression","Women","15-24","2019",22.4
"Lower secondary education or less","With depression","Women","25-34","2006",..
"Lower secondary education or less","With depression","Women","25-34","2014",..
"Lower secondary education or less","With depression","Women","25-34","2019",..
"Lower secondary education or less","With depression","Women","35-44","2006",..
"Lower secondary education or less","With depression","Women","35-44","2014",..
"Lower secondary education or less","With depression","Women","35-44","2019",..
"Lower secondary education or less","With depression","Women","45-54","2006",..
"Lower secondary education or less","With depression","Women","45-54","2014",..
"Lower secondary education or less","With depression","Women","45-54","2019",..
"Lower secondary education or less","With depression","Women","55-64","2006",..
"Lower secondary education or less","With depression","Women","55-64","2014",..
"Lower secondary education or less","With depression","Women","55-64","2019",..
"Lower secondary education or less","With depression","Women","65-74","2006",18.4
"Lower secondary education or less","With depression","Women","65-74","2014",..
"Lower secondary education or less","With depression","Women","65-74","2019",..
"Lower secondary education or less","With depression","Women","75 and older","2006",28.2
"Lower secondary education or less","With depression","Women","75 and older","2014",23.8
"Lower secondary education or less","With depression","Women","75 and older","2019",24.6
"Cohabiting","Without depression","Men and women","15 and older","2006",93.9
"Cohabiting","Without depression","Men and women","15 and older","2014",94.4
"Cohabiting","Without depression","Men and women","15 and older","2019",92.3
"Cohabiting","Without depression","Men and women","15-24","2006",95.4
"Cohabiting","Without depression","Men and women","15-24","2014",94.2
"Cohabiting","Without depression","Men and women","15-24","2019",95.8
"Cohabiting","Without depression","Men and women","25-34","2006",94.1
"Cohabiting","Without depression","Men and women","25-34","2014",95.4
"Cohabiting","Without depression","Men and women","25-34","2019",92.4
"Cohabiting","Without depression","Men and women","35-44","2006",95.9
"Cohabiting","Without depression","Men and women","35-44","2014",95.4
"Cohabiting","Without depression","Men and women","35-44","2019",92.9
"Cohabiting","Without depression","Men and women","45-54","2006",93.2
"Cohabiting","Without depression","Men and women","45-54","2014",93.4
"Cohabiting","Without depression","Men and women","45-54","2019",92.5
"Cohabiting","Without depression","Men and women","55-64","2006",92.7
"Cohabiting","Without depression","Men and women","55-64","2014",93.8
"Cohabiting","Without depression","Men and women","55-64","2019",91.2
"Cohabiting","Without depression","Men and women","65-74","2006",92.6
"Cohabiting","Without depression","Men and women","65-74","2014",93.4
"Cohabiting","Without depression","Men and women","65-74","2019",92.7
"Cohabiting","Without depression","Men and women","75 and older","2006",90.3
"Cohabiting","Without depression","Men and women","75 and older","2014",95.0
"Cohabiting","Without depression","Men and women","75 and older","2019",89.3
"Cohabiting","Without depression","Men","15 and older","2006",95.6
"Cohabiting","Without depression","Men","15 and older","2014",95.4
"Cohabiting","Without depression","Men","15 and older","2019",94.8
"Cohabiting","Without depression","Men","15-24","2006",97.7
"Cohabiting","Without depression","Men","15-24","2014",94.4
"Cohabiting","Without depression","Men","15-24","2019",95.1
"Cohabiting","Without depression","Men","25-34","2006",95.6
"Cohabiting","Without depression","Men","25-34","2014",96.1
"Cohabiting","Without depression","Men","25-34","2019",95.0
"Cohabiting","Without depression","Men","35-44","2006",96.2
"Cohabiting","Without depression","Men","35-44","2014",97.5
"Cohabiting","Without depression","Men","35-44","2019",95.9
"Cohabiting","Without depression","Men","45-54","2006",95.7
"Cohabiting","Without depression","Men","45-54","2014",93.6
"Cohabiting","Without depression","Men","45-54","2019",97.0
"Cohabiting","Without depression","Men","55-64","2006",95.7
"Cohabiting","Without depression","Men","55-64","2014",95.5
"Cohabiting","Without depression","Men","55-64","2019",95.2
"Cohabiting","Without depression","Men","65-74","2006",94.0
"Cohabiting","Without depression","Men","65-74","2014",93.5
"Cohabiting","Without depression","Men","65-74","2019",92.5
"Cohabiting","Without depression","Men","75 and older","2006",92.5
"Cohabiting","Without depression","Men","75 and older","2014",95.4
"Cohabiting","Without depression","Men","75 and older","2019",88.2
"Cohabiting","Without depression","Women","15 and older","2006",92.2
"Cohabiting","Without depression","Women","15 and older","2014",93.5
"Cohabiting","Without depression","Women","15 and older","2019",89.8
"Cohabiting","Without depression","Women","15-24","2006",94.0
"Cohabiting","Without depression","Women","15-24","2014",94.0
"Cohabiting","Without depression","Women","15-24","2019",96.1
"Cohabiting","Without depression","Women","25-34","2006",92.6
"Cohabiting","Without depression","Women","25-34","2014",94.9
"Cohabiting","Without depression","Women","25-34","2019",90.5
"Cohabiting","Without depression","Women","35-44","2006",95.6
"Cohabiting","Without depression","Women","35-44","2014",93.3
"Cohabiting","Without depression","Women","35-44","2019",89.9
"Cohabiting","Without depression","Women","45-54","2006",90.5
"Cohabiting","Without depression","Women","45-54","2014",93.3
"Cohabiting","Without depression","Women","45-54","2019",87.7
"Cohabiting","Without depression","Women","55-64","2006",89.5
"Cohabiting","Without depression","Women","55-64","2014",92.1
"Cohabiting","Without depression","Women","55-64","2019",87.0
"Cohabiting","Without depression","Women","65-74","2006",90.7
"Cohabiting","Without depression","Women","65-74","2014",93.2
"Cohabiting","Without depression","Women","65-74","2019",92.9
"Cohabiting","Without depression","Women","75 and older","2006",86.8
"Cohabiting","Without depression","Women","75 and older","2014",94.2
"Cohabiting","Without depression","Women","75 and older","2019",90.9
"Cohabiting","With depression","Men and women","15 and older","2006",6.1
"Cohabiting","With depression","Men and women","15 and older","2014",5.6
"Cohabiting","With depression","Men and women","15 and older","2019",7.7
"Cohabiting","With depression","Men and women","15-24","2006",4.6
"Cohabiting","With depression","Men and women","15-24","2014",..
"Cohabiting","With depression","Men and women","15-24","2019",..
"Cohabiting","With depression","Men and women","25-34","2006",5.9
"Cohabiting","With depression","Men and women","25-34","2014",4.6
"Cohabiting","With depression","Men and women","25-34","2019",7.6
"Cohabiting","With depression","Men and women","35-44","2006",4.1
"Cohabiting","With depression","Men and women","35-44","2014",4.6
"Cohabiting","With depression","Men and women","35-44","2019",7.1
"Cohabiting","With depression","Men and women","45-54","2006",6.8
"Cohabiting","With depression","Men and women","45-54","2014",6.6
"Cohabiting","With depression","Men and women","45-54","2019",7.5
"Cohabiting","With depression","Men and women","55-64","2006",7.3
"Cohabiting","With depression","Men and women","55-64","2014",6.2
"Cohabiting","With depression","Men and women","55-64","2019",8.8
"Cohabiting","With depression","Men and women","65-74","2006",7.4
"Cohabiting","With depression","Men and women","65-74","2014",6.6
"Cohabiting","With depression","Men and women","65-74","2019",7.3
"Cohabiting","With depression","Men and women","75 and older","2006",9.7
"Cohabiting","With depression","Men and women","75 and older","2014",..
"Cohabiting","With depression","Men and women","75 and older","2019",10.7
"Cohabiting","With depression","Men","15 and older","2006",4.4
"Cohabiting","With depression","Men","15 and older","2014",4.6
"Cohabiting","With depression","Men","15 and older","2019",5.2
"Cohabiting","With depression","Men","15-24","2006",..
"Cohabiting","With depression","Men","15-24","2014",..
"Cohabiting","With depression","Men","15-24","2019",..
"Cohabiting","With depression","Men","25-34","2006",..
"Cohabiting","With depression","Men","25-34","2014",..
"Cohabiting","With depression","Men","25-34","2019",..
"Cohabiting","With depression","Men","35-44","2006",..
"Cohabiting","With depression","Men","35-44","2014",..
"Cohabiting","With depression","Men","35-44","2019",..
"Cohabiting","With depression","Men","45-54","2006",4.3
"Cohabiting","With depression","Men","45-54","2014",6.4
"Cohabiting","With depression","Men","45-54","2019",..
"Cohabiting","With depression","Men","55-64","2006",..
"Cohabiting","With depression","Men","55-64","2014",..
"Cohabiting","With depression","Men","55-64","2019",..
"Cohabiting","With depression","Men","65-74","2006",6.0
"Cohabiting","With depression","Men","65-74","2014",..
"Cohabiting","With depression","Men","65-74","2019",7.5
"Cohabiting","With depression","Men","75 and older","2006",7.5
"Cohabiting","With depression","Men","75 and older","2014",..
"Cohabiting","With depression","Men","75 and older","2019",..
"Cohabiting","With depression","Women","15 and older","2006",7.8
"Cohabiting","With depression","Women","15 and older","2014",6.5
"Cohabiting","With depression","Women","15 and older","2019",10.2
"Cohabiting","With depression","Women","15-24","2006",..
"Cohabiting","With depression","Women","15-24","2014",..
"Cohabiting","With depression","Women","15-24","2019",..
"Cohabiting","With depression","Women","25-34","2006",7.4
"Cohabiting","With depression","Women","25-34","2014",5.1
"Cohabiting","With depression","Women","25-34","2019",9.5
"Cohabiting","With depression","Women","35-44","2006",..
"Cohabiting","With depression","Women","35-44","2014",6.7
"Cohabiting","With depression","Women","35-44","2019",10.1
"Cohabiting","With depression","Women","45-54","2006",9.5
"Cohabiting","With depression","Women","45-54","2014",6.7
"Cohabiting","With depression","Women","45-54","2019",12.3
"Cohabiting","With depression","Women","55-64","2006",10.5
"Cohabiting","With depression","Women","55-64","2014",7.9
"Cohabiting","With depression","Women","55-64","2019",13.0
"Cohabiting","With depression","Women","65-74","2006",9.3
"Cohabiting","With depression","Women","65-74","2014",..
"Cohabiting","With depression","Women","65-74","2019",..
"Cohabiting","With depression","Women","75 and older","2006",..
"Cohabiting","With depression","Women","75 and older","2014",..
"Cohabiting","With depression","Women","75 and older","2019",..
"Not cohabiting","Without depression","Men and women","15 and older","2006",87.2
"Not cohabiting","Without depression","Men and women","15 and older","2014",88.1
"Not cohabiting","Without depression","Men and women","15 and older","2019",85.2
"Not cohabiting","Without depression","Men and women","15-24","2006",91.7
"Not cohabiting","Without depression","Men and women","15-24","2014",93.8
"Not cohabiting","Without depression","Men and women","15-24","2019",84.1
"Not cohabiting","Without depression","Men and women","25-34","2006",91.6
"Not cohabiting","Without depression","Men and women","25-34","2014",90.7
"Not cohabiting","Without depression","Men and women","25-34","2019",87.1
"Not cohabiting","Without depression","Men and women","35-44","2006",90.9
"Not cohabiting","Without depression","Men and women","35-44","2014",89.7
"Not cohabiting","Without depression","Men and women","35-44","2019",83.7
"Not cohabiting","Without depression","Men and women","45-54","2006",90.5
"Not cohabiting","Without depression","Men and women","45-54","2014",84.0
"Not cohabiting","Without depression","Men and women","45-54","2019",85.0
"Not cohabiting","Without depression","Men and women","55-64","2006",84.7
"Not cohabiting","Without depression","Men and women","55-64","2014",85.6
"Not cohabiting","Without depression","Men and women","55-64","2019",84.8
"Not cohabiting","Without depression","Men and women","65-74","2006",80.4
"Not cohabiting","Without depression","Men and women","65-74","2014",88.3
"Not cohabiting","Without depression","Men and women","65-74","2019",90.2
"Not cohabiting","Without depression","Men and women","75 and older","2006",75.3
"Not cohabiting","Without depression","Men and women","75 and older","2014",82.3
"Not cohabiting","Without depression","Men and women","75 and older","2019",82.9
"Not cohabiting","Without depression","Men","15 and older","2006",90.9
"Not cohabiting","Without depression","Men","15 and older","2014",92.4
"Not cohabiting","Without depression","Men","15 and older","2019",87.1
"Not cohabiting","Without depression","Men","15-24","2006",93.7
"Not cohabiting","Without depression","Men","15-24","2014",96.8
"Not cohabiting","Without depression","Men","15-24","2019",90.2
"Not cohabiting","Without depression","Men","25-34","2006",91.1
"Not cohabiting","Without depression","Men","25-34","2014",93.4
"Not cohabiting","Without depression","Men","25-34","2019",88.1
"Not cohabiting","Without depression","Men","35-44","2006",93.3
"Not cohabiting","Without depression","Men","35-44","2014",94.6
"Not cohabiting","Without depression","Men","35-44","2019",85.9
"Not cohabiting","Without depression","Men","45-54","2006",87.5
"Not cohabiting","Without depression","Men","45-54","2014",83.7
"Not cohabiting","Without depression","Men","45-54","2019",79.6
"Not cohabiting","Without depression","Men","55-64","2006",84.0
"Not cohabiting","Without depression","Men","55-64","2014",88.8
"Not cohabiting","Without depression","Men","55-64","2019",80.5
"Not cohabiting","Without depression","Men","65-74","2006",80.7
"Not cohabiting","Without depression","Men","65-74","2014",90.7
"Not cohabiting","Without depression","Men","65-74","2019",96.8
"Not cohabiting","Without depression","Men","75 and older","2006",84.7
"Not cohabiting","Without depression","Men","75 and older","2014",87.0
"Not cohabiting","Without depression","Men","75 and older","2019",90.8
"Not cohabiting","Without depression","Women","15 and older","2006",85.0
"Not cohabiting","Without depression","Women","15 and older","2014",85.1
"Not cohabiting","Without depression","Women","15 and older","2019",83.8
"Not cohabiting","Without depression","Women","15-24","2006",89.0
"Not cohabiting","Without depression","Women","15-24","2014",89.6
"Not cohabiting","Without depression","Women","15-24","2019",76.9
"Not cohabiting","Without depression","Women","25-34","2006",92.2
"Not cohabiting","Without depression","Women","25-34","2014",86.5
"Not cohabiting","Without depression","Women","25-34","2019",85.3
"Not cohabiting","Without depression","Women","35-44","2006",89.3
"Not cohabiting","Without depression","Women","35-44","2014",84.2
"Not cohabiting","Without depression","Women","35-44","2019",80.9
"Not cohabiting","Without depression","Women","45-54","2006",91.8
"Not cohabiting","Without depression","Women","45-54","2014",84.2
"Not cohabiting","Without depression","Women","45-54","2019",89.3
"Not cohabiting","Without depression","Women","55-64","2006",84.9
"Not cohabiting","Without depression","Women","55-64","2014",83.9
"Not cohabiting","Without depression","Women","55-64","2019",86.9
"Not cohabiting","Without depression","Women","65-74","2006",80.3
"Not cohabiting","Without depression","Women","65-74","2014",87.7
"Not cohabiting","Without depression","Women","65-74","2019",88.7
"Not cohabiting","Without depression","Women","75 and older","2006",73.9
"Not cohabiting","Without depression","Women","75 and older","2014",81.5
"Not cohabiting","Without depression","Women","75 and older","2019",81.5
"Not cohabiting","With depression","Men and women","15 and older","2006",12.8
"Not cohabiting","With depression","Men and women","15 and older","2014",11.9
"Not cohabiting","With depression","Men and women","15 and older","2019",14.8
"Not cohabiting","With depression","Men and women","15-24","2006",8.3
"Not cohabiting","With depression","Men and women","15-24","2014",6.2
"Not cohabiting","With depression","Men and women","15-24","2019",15.9
"Not cohabiting","With depression","Men and women","25-34","2006",8.4
"Not cohabiting","With depression","Men and women","25-34","2014",9.3
"Not cohabiting","With depression","Men and women","25-34","2019",12.9
"Not cohabiting","With depression","Men and women","35-44","2006",9.1
"Not cohabiting","With depression","Men and women","35-44","2014",10.3
"Not cohabiting","With depression","Men and women","35-44","2019",16.3
"Not cohabiting","With depression","Men and women","45-54","2006",9.5
"Not cohabiting","With depression","Men and women","45-54","2014",16.0
"Not cohabiting","With depression","Men and women","45-54","2019",15.0
"Not cohabiting","With depression","Men and women","55-64","2006",15.3
"Not cohabiting","With depression","Men and women","55-64","2014",14.4
"Not cohabiting","With depression","Men and women","55-64","2019",15.2
"Not cohabiting","With depression","Men and women","65-74","2006",19.6
"Not cohabiting","With depression","Men and women","65-74","2014",11.7
"Not cohabiting","With depression","Men and women","65-74","2019",9.8
"Not cohabiting","With depression","Men and women","75 and older","2006",24.7
"Not cohabiting","With depression","Men and women","75 and older","2014",17.7
"Not cohabiting","With depression","Men and women","75 and older","2019",17.1
"Not cohabiting","With depression","Men","15 and older","2006",9.1
"Not cohabiting","With depression","Men","15 and older","2014",7.6
"Not cohabiting","With depression","Men","15 and older","2019",12.9
"Not cohabiting","With depression","Men","15-24","2006",6.3
"Not cohabiting","With depression","Men","15-24","2014",..
"Not cohabiting","With depression","Men","15-24","2019",9.8
"Not cohabiting","With depression","Men","25-34","2006",..
"Not cohabiting","With depression","Men","25-34","2014",..
"Not cohabiting","With depression","Men","25-34","2019",11.9
"Not cohabiting","With depression","Men","35-44","2006",..
"Not cohabiting","With depression","Men","35-44","2014",..
"Not cohabiting","With depression","Men","35-44","2019",..
"Not cohabiting","With depression","Men","45-54","2006",..
"Not cohabiting","With depression","Men","45-54","2014",16.3
"Not cohabiting","With depression","Men","45-54","2019",20.4
"Not cohabiting","With depression","Men","55-64","2006",..
"Not cohabiting","With depression","Men","55-64","2014",11.2
"Not cohabiting","With depression","Men","55-64","2019",..
"Not cohabiting","With depression","Men","65-74","2006",19.3
"Not cohabiting","With depression","Men","65-74","2014",..
"Not cohabiting","With depression","Men","65-74","2019",..
"Not cohabiting","With depression","Men","75 and older","2006",15.3
"Not cohabiting","With depression","Men","75 and older","2014",..
"Not cohabiting","With depression","Men","75 and older","2019",..
"Not cohabiting","With depression","Women","15 and older","2006",15.0
"Not cohabiting","With depression","Women","15 and older","2014",14.9
"Not cohabiting","With depression","Women","15 and older","2019",16.2
"Not cohabiting","With depression","Women","15-24","2006",11.0
"Not cohabiting","With depression","Women","15-24","2014",10.4
"Not cohabiting","With depression","Women","15-24","2019",23.1
"Not cohabiting","With depression","Women","25-34","2006",..
"Not cohabiting","With depression","Women","25-34","2014",13.5
"Not cohabiting","With depression","Women","25-34","2019",14.7
"Not cohabiting","With depression","Women","35-44","2006",..
"Not cohabiting","With depression","Women","35-44","2014",15.8
"Not cohabiting","With depression","Women","35-44","2019",19.1
"Not cohabiting","With depression","Women","45-54","2006",8.2
"Not cohabiting","With depression","Women","45-54","2014",15.8
"Not cohabiting","With depression","Women","45-54","2019",10.7
"Not cohabiting","With depression","Women","55-64","2006",15.1
"Not cohabiting","With depression","Women","55-64","2014",16.1
"Not cohabiting","With depression","Women","55-64","2019",13.1
"Not cohabiting","With depression","Women","65-74","2006",19.7
"Not cohabiting","With depression","Women","65-74","2014",12.3
"Not cohabiting","With depression","Women","65-74","2019",11.3
"Not cohabiting","With depression","Women","75 and older","2006",26.1
"Not cohabiting","With depression","Women","75 and older","2014",18.5
"Not cohabiting","With depression","Women","75 and older","2019",18.5
"Active","Without depression","Men and women","15 and older","2006",94.9
"Active","Without depression","Men and women","15 and older","2014",94.0
"Active","Without depression","Men and women","15 and older","2019",91.4
"Active","Without depression","Men and women","15-24","2006",95.5
"Active","Without depression","Men and women","15-24","2014",92.5
"Active","Without depression","Men and women","15-24","2019",87.1
"Active","Without depression","Men and women","25-34","2006",94.4
"Active","Without depression","Men and women","25-34","2014",94.7
"Active","Without depression","Men and women","25-34","2019",91.3
"Active","Without depression","Men and women","35-44","2006",95.8
"Active","Without depression","Men and women","35-44","2014",94.8
"Active","Without depression","Men and women","35-44","2019",91.6
"Active","Without depression","Men and women","45-54","2006",94.4
"Active","Without depression","Men and women","45-54","2014",93.4
"Active","Without depression","Men and women","45-54","2019",92.0
"Active","Without depression","Men and women","55-64","2006",95.2
"Active","Without depression","Men and women","55-64","2014",94.3
"Active","Without depression","Men and women","55-64","2019",92.0
"Active","Without depression","Men and women","65-74","2006",92.8
"Active","Without depression","Men and women","65-74","2014",90.0
"Active","Without depression","Men and women","65-74","2019",92.1
"Active","Without depression","Men and women","75 and older","2006",100.0
"Active","Without depression","Men and women","75 and older","2014",..
"Active","Without depression","Men and women","75 and older","2019",100.0
"Active","Without depression","Men","15 and older","2006",96.5
"Active","Without depression","Men","15 and older","2014",96.0
"Active","Without depression","Men","15 and older","2019",93.8
"Active","Without depression","Men","15-24","2006",96.8
"Active","Without depression","Men","15-24","2014",95.3
"Active","Without depression","Men","15-24","2019",91.2
"Active","Without depression","Men","25-34","2006",95.3
"Active","Without depression","Men","25-34","2014",95.5
"Active","Without depression","Men","25-34","2019",92.5
"Active","Without depression","Men","35-44","2006",97.1
"Active","Without depression","Men","35-44","2014",98.0
"Active","Without depression","Men","35-44","2019",94.0
"Active","Without depression","Men","45-54","2006",96.8
"Active","Without depression","Men","45-54","2014",94.6
"Active","Without depression","Men","45-54","2019",94.3
"Active","Without depression","Men","55-64","2006",97.7
"Active","Without depression","Men","55-64","2014",96.7
"Active","Without depression","Men","55-64","2019",94.6
"Active","Without depression","Men","65-74","2006",94.6
"Active","Without depression","Men","65-74","2014",92.4
"Active","Without depression","Men","65-74","2019",98.8
"Active","Without depression","Men","75 and older","2006",100.0
"Active","Without depression","Men","75 and older","2014",..
"Active","Without depression","Men","75 and older","2019",..
"Active","Without depression","Women","15 and older","2006",93.3
"Active","Without depression","Women","15 and older","2014",92.1
"Active","Without depression","Women","15 and older","2019",89.0
"Active","Without depression","Women","15-24","2006",93.5
"Active","Without depression","Women","15-24","2014",88.5
"Active","Without depression","Women","15-24","2019",83.2
"Active","Without depression","Women","25-34","2006",93.3
"Active","Without depression","Women","25-34","2014",93.8
"Active","Without depression","Women","25-34","2019",89.8
"Active","Without depression","Women","35-44","2006",94.4
"Active","Without depression","Women","35-44","2014",91.2
"Active","Without depression","Women","35-44","2019",88.8
"Active","Without depression","Women","45-54","2006",92.5
"Active","Without depression","Women","45-54","2014",92.5
"Active","Without depression","Women","45-54","2019",89.8
"Active","Without depression","Women","55-64","2006",92.9
"Active","Without depression","Women","55-64","2014",92.6
"Active","Without depression","Women","55-64","2019",89.7
"Active","Without depression","Women","65-74","2006",90.7
"Active","Without depression","Women","65-74","2014",88.4
"Active","Without depression","Women","65-74","2019",87.7
"Active","Without depression","Women","75 and older","2006",..
"Active","Without depression","Women","75 and older","2014",..
"Active","Without depression","Women","75 and older","2019",..
"Active","With depression","Men and women","15 and older","2006",5.1
"Active","With depression","Men and women","15 and older","2014",6.0
"Active","With depression","Men and women","15 and older","2019",8.6
"Active","With depression","Men and women","15-24","2006",4.5
"Active","With depression","Men and women","15-24","2014",7.5
"Active","With depression","Men and women","15-24","2019",12.9
"Active","With depression","Men and women","25-34","2006",5.6
"Active","With depression","Men and women","25-34","2014",5.3
"Active","With depression","Men and women","25-34","2019",8.7
"Active","With depression","Men and women","35-44","2006",4.2
"Active","With depression","Men and women","35-44","2014",5.2
"Active","With depression","Men and women","35-44","2019",8.4
"Active","With depression","Men and women","45-54","2006",5.6
"Active","With depression","Men and women","45-54","2014",6.6
"Active","With depression","Men and women","45-54","2019",8.0
"Active","With depression","Men and women","55-64","2006",4.8
"Active","With depression","Men and women","55-64","2014",5.7
"Active","With depression","Men and women","55-64","2019",8.0
"Active","With depression","Men and women","65-74","2006",..
"Active","With depression","Men and women","65-74","2014",..
"Active","With depression","Men and women","65-74","2019",..
"Active","With depression","Men and women","75 and older","2006",0.0
"Active","With depression","Men and women","75 and older","2014",0.0
"Active","With depression","Men and women","75 and older","2019",0.0
"Active","With depression","Men","15 and older","2006",3.5
"Active","With depression","Men","15 and older","2014",4.0
"Active","With depression","Men","15 and older","2019",6.2
"Active","With depression","Men","15-24","2006",..
"Active","With depression","Men","15-24","2014",..
"Active","With depression","Men","15-24","2019",..
"Active","With depression","Men","25-34","2006",4.7
"Active","With depression","Men","25-34","2014",..
"Active","With depression","Men","25-34","2019",7.5
"Active","With depression","Men","35-44","2006",..
"Active","With depression","Men","35-44","2014",..
"Active","With depression","Men","35-44","2019",6.0
"Active","With depression","Men","45-54","2006",..
"Active","With depression","Men","45-54","2014",..
"Active","With depression","Men","45-54","2019",..
"Active","With depression","Men","55-64","2006",..
"Active","With depression","Men","55-64","2014",..
"Active","With depression","Men","55-64","2019",..
"Active","With depression","Men","65-74","2006",..
"Active","With depression","Men","65-74","2014",..
"Active","With depression","Men","65-74","2019",..
"Active","With depression","Men","75 and older","2006",0.0
"Active","With depression","Men","75 and older","2014",0.0
"Active","With depression","Men","75 and older","2019",0.0
"Active","With depression","Women","15 and older","2006",6.7
"Active","With depression","Women","15 and older","2014",7.9
"Active","With depression","Women","15 and older","2019",11.0
"Active","With depression","Women","15-24","2006",6.5
"Active","With depression","Women","15-24","2014",..
"Active","With depression","Women","15-24","2019",16.8
"Active","With depression","Women","25-34","2006",6.7
"Active","With depression","Women","25-34","2014",6.2
"Active","With depression","Women","25-34","2019",10.2
"Active","With depression","Women","35-44","2006",5.6
"Active","With depression","Women","35-44","2014",8.8
"Active","With depression","Women","35-44","2019",11.2
"Active","With depression","Women","45-54","2006",7.5
"Active","With depression","Women","45-54","2014",7.5
"Active","With depression","Women","45-54","2019",10.2
"Active","With depression","Women","55-64","2006",..
"Active","With depression","Women","55-64","2014",7.4
"Active","With depression","Women","55-64","2019",10.3
"Active","With depression","Women","65-74","2006",..
"Active","With depression","Women","65-74","2014",..
"Active","With depression","Women","65-74","2019",..
"Active","With depression","Women","75 and older","2006",0.0
"Active","With depression","Women","75 and older","2014",0.0
"Active","With depression","Women","75 and older","2019",0.0
"Non-active","Without depression","Men and women","15 and older","2006",85.5
"Non-active","Without depression","Men and women","15 and older","2014",88.4
"Non-active","Without depression","Men and women","15 and older","2019",85.6
"Non-active","Without depression","Men and women","15-24","2006",90.4
"Non-active","Without depression","Men and women","15-24","2014",95.1
"Non-active","Without depression","Men and women","15-24","2019",85.1
"Non-active","Without depression","Men and women","25-34","2006",88.3
"Non-active","Without depression","Men and women","25-34","2014",89.9
"Non-active","Without depression","Men and women","25-34","2019",86.1
"Non-active","Without depression","Men and women","35-44","2006",87.0
"Non-active","Without depression","Men and women","35-44","2014",89.0
"Non-active","Without depression","Men and women","35-44","2019",82.1
"Non-active","Without depression","Men and women","45-54","2006",79.9
"Non-active","Without depression","Men and women","45-54","2014",78.4
"Non-active","Without depression","Men and women","45-54","2019",75.7
"Non-active","Without depression","Men and women","55-64","2006",84.4
"Non-active","Without depression","Men and women","55-64","2014",85.3
"Non-active","Without depression","Men and women","55-64","2019",82.3
"Non-active","Without depression","Men and women","65-74","2006",86.0
"Non-active","Without depression","Men and women","65-74","2014",91.4
"Non-active","Without depression","Men and women","65-74","2019",91.5
"Non-active","Without depression","Men and women","75 and older","2006",79.7
"Non-active","Without depression","Men and women","75 and older","2014",85.4
"Non-active","Without depression","Men and women","75 and older","2019",84.6
"Non-active","Without depression","Men","15 and older","2006",88.6
"Non-active","Without depression","Men","15 and older","2014",91.0
"Non-active","Without depression","Men","15 and older","2019",87.5
"Non-active","Without depression","Men","15-24","2006",91.9
"Non-active","Without depression","Men","15-24","2014",97.6
"Non-active","Without depression","Men","15-24","2019",90.4
"Non-active","Without depression","Men","25-34","2006",80.4
"Non-active","Without depression","Men","25-34","2014",91.6
"Non-active","Without depression","Men","25-34","2019",84.3
"Non-active","Without depression","Men","35-44","2006",77.4
"Non-active","Without depression","Men","35-44","2014",88.8
"Non-active","Without depression","Men","35-44","2019",80.5
"Non-active","Without depression","Men","45-54","2006",80.3
"Non-active","Without depression","Men","45-54","2014",77.7
"Non-active","Without depression","Men","45-54","2019",74.7
"Non-active","Without depression","Men","55-64","2006",88.0
"Non-active","Without depression","Men","55-64","2014",89.3
"Non-active","Without depression","Men","55-64","2019",84.4
"Non-active","Without depression","Men","65-74","2006",90.7
"Non-active","Without depression","Men","65-74","2014",93.0
"Non-active","Without depression","Men","65-74","2019",91.7
"Non-active","Without depression","Men","75 and older","2006",89.6
"Non-active","Without depression","Men","75 and older","2014",92.0
"Non-active","Without depression","Men","75 and older","2019",88.9
"Non-active","Without depression","Women","15 and older","2006",83.8
"Non-active","Without depression","Women","15 and older","2014",86.8
"Non-active","Without depression","Women","15 and older","2019",84.3
"Non-active","Without depression","Women","15-24","2006",89.3
"Non-active","Without depression","Women","15-24","2014",92.9
"Non-active","Without depression","Women","15-24","2019",79.4
"Non-active","Without depression","Women","25-34","2006",90.3
"Non-active","Without depression","Women","25-34","2014",89.0
"Non-active","Without depression","Women","25-34","2019",87.0
"Non-active","Without depression","Women","35-44","2006",91.6
"Non-active","Without depression","Women","35-44","2014",89.1
"Non-active","Without depression","Women","35-44","2019",82.8
"Non-active","Without depression","Women","45-54","2006",79.4
"Non-active","Without depression","Women","45-54","2014",79.4
"Non-active","Without depression","Women","45-54","2019",77.0
"Non-active","Without depression","Women","55-64","2006",82.2
"Non-active","Without depression","Women","55-64","2014",81.8
"Non-active","Without depression","Women","55-64","2019",80.6
"Non-active","Without depression","Women","65-74","2006",83.4
"Non-active","Without depression","Women","65-74","2014",90.4
"Non-active","Without depression","Women","65-74","2019",91.4
"Non-active","Without depression","Women","75 and older","2006",75.8
"Non-active","Without depression","Women","75 and older","2014",82.9
"Non-active","Without depression","Women","75 and older","2019",82.8
"Non-active","With depression","Men and women","15 and older","2006",14.5
"Non-active","With depression","Men and women","15 and older","2014",11.6
"Non-active","With depression","Men and women","15 and older","2019",14.4
"Non-active","With depression","Men and women","15-24","2006",9.6
"Non-active","With depression","Men and women","15-24","2014",4.9
"Non-active","With depression","Men and women","15-24","2019",14.9
"Non-active","With depression","Men and women","25-34","2006",11.7
"Non-active","With depression","Men and women","25-34","2014",10.1
"Non-active","With depression","Men and women","25-34","2019",13.9
"Non-active","With depression","Men and women","35-44","2006",..
"Non-active","With depression","Men and women","35-44","2014",11.0
"Non-active","With depression","Men and women","35-44","2019",17.9
"Non-active","With depression","Men and women","45-54","2006",20.1
"Non-active","With depression","Men and women","45-54","2014",21.6
"Non-active","With depression","Men and women","45-54","2019",24.3
"Non-active","With depression","Men and women","55-64","2006",15.6
"Non-active","With depression","Men and women","55-64","2014",14.7
"Non-active","With depression","Men and women","55-64","2019",17.7
"Non-active","With depression","Men and women","65-74","2006",14.0
"Non-active","With depression","Men and women","65-74","2014",8.6
"Non-active","With depression","Men and women","65-74","2019",8.5
"Non-active","With depression","Men and women","75 and older","2006",20.3
"Non-active","With depression","Men and women","75 and older","2014",14.6
"Non-active","With depression","Men and women","75 and older","2019",15.4
"Non-active","With depression","Men","15 and older","2006",11.4
"Non-active","With depression","Men","15 and older","2014",9.0
"Non-active","With depression","Men","15 and older","2019",12.5
"Non-active","With depression","Men","15-24","2006",8.1
"Non-active","With depression","Men","15-24","2014",..
"Non-active","With depression","Men","15-24","2019",..
"Non-active","With depression","Men","25-34","2006",..
"Non-active","With depression","Men","25-34","2014",..
"Non-active","With depression","Men","25-34","2019",..
"Non-active","With depression","Men","35-44","2006",..
"Non-active","With depression","Men","35-44","2014",..
"Non-active","With depression","Men","35-44","2019",..
"Non-active","With depression","Men","45-54","2006",..
"Non-active","With depression","Men","45-54","2014",22.3
"Non-active","With depression","Men","45-54","2019",..
"Non-active","With depression","Men","55-64","2006",12.0
"Non-active","With depression","Men","55-64","2014",10.7
"Non-active","With depression","Men","55-64","2019",..
"Non-active","With depression","Men","65-74","2006",9.3
"Non-active","With depression","Men","65-74","2014",..
"Non-active","With depression","Men","65-74","2019",8.3
"Non-active","With depression","Men","75 and older","2006",10.4
"Non-active","With depression","Men","75 and older","2014",..
"Non-active","With depression","Men","75 and older","2019",11.1
"Non-active","With depression","Women","15 and older","2006",16.2
"Non-active","With depression","Women","15 and older","2014",13.2
"Non-active","With depression","Women","15 and older","2019",15.7
"Non-active","With depression","Women","15-24","2006",10.7
"Non-active","With depression","Women","15-24","2014",..
"Non-active","With depression","Women","15-24","2019",20.6
"Non-active","With depression","Women","25-34","2006",..
"Non-active","With depression","Women","25-34","2014",11.0
"Non-active","With depression","Women","25-34","2019",..
"Non-active","With depression","Women","35-44","2006",..
"Non-active","With depression","Women","35-44","2014",..
"Non-active","With depression","Women","35-44","2019",17.2
"Non-active","With depression","Women","45-54","2006",..
"Non-active","With depression","Women","45-54","2014",20.6
"Non-active","With depression","Women","45-54","2019",..
"Non-active","With depression","Women","55-64","2006",17.8
"Non-active","With depression","Women","55-64","2014",18.2
"Non-active","With depression","Women","55-64","2019",19.4
"Non-active","With depression","Women","65-74","2006",16.6
"Non-active","With depression","Women","65-74","2014",9.6
"Non-active","With depression","Women","65-74","2019",8.6
"Non-active","With depression","Women","75 and older","2006",24.2
"Non-active","With depression","Women","75 and older","2014",17.1
"Non-active","With depression","Women","75 and older","2019",17.2
